id,title,description,link,image_link,price,availability,condition
256357087655214060,K01 ZIPPO LIGHTER,"Hände noch jung, Köpfe noch unverdorben. Jugend lenkt die Welt und brings die Adoleszenz auf den Plan.",https://www.zazzle.com/k01_zippo_lighter-256357087655214060?rf=238192102477642780,https://rlv.zcache.com/k01_zippo_lighter-rd15ed3ec22c54459aaaa7b3a97b01619_6dx6d_1024.jpg?rlvnet=1,94.55,in stock,new
256059723381153772,K01 BEACH TOWEL,"Hände noch jung, Köpfe noch unverdorben. Jugend lenkt die Welt und brings die Adoleszenz auf den Plan.",https://www.zazzle.com/k01_beach_towel-256059723381153772?rf=238192102477642780,https://rlv.zcache.com/k01_beach_towel-r6735aaa24cdc4a968a412047f17d7a2f_eapi5_1024.jpg?rlvnet=1,90.78,in stock,new
256283109401962461,K01 ZIPPO LIGHTER,"Hände noch jung, Köpfe noch unverdorben. Jugend lenkt die Welt und brings die Adoleszenz auf den Plan.",https://www.zazzle.com/k01_zippo_lighter-256283109401962461?rf=238192102477642780,https://rlv.zcache.com/k01_zippo_lighter-r4c213ed40c784dfe872d175b4f3f6cbc_6y4tf_1024.jpg?rlvnet=1,94.55,in stock,new
256387773682551250,K01 DESK MAT,"Hände noch jung, Köpfe noch unverdorben. Jugend lenkt die Welt und brings die Adoleszenz auf den Plan.",https://www.zazzle.com/k01_desk_mat-256387773682551250?rf=238192102477642780,https://rlv.zcache.com/k01_desk_mat-ra1e6f83a2a854bcca06df059dfb8de8a_ajohe4_1024.jpg?rlvnet=1,29.95,in stock,new
256403817646883885,K01 MOUSE PAD,"Hände noch jung, Köpfe noch unverdorben. Jugend lenkt die Welt und brings die Adoleszenz auf den Plan.",https://www.zazzle.com/k01_mouse_pad-256403817646883885?rf=238192102477642780,https://rlv.zcache.com/k01_mouse_pad-rd31d8f47b953417ebe4ee493d9240c64_x74vk_8byvr_1024.jpg,23.95,in stock,new
256147716730474637,K01 SUNGLASSES,"Hände noch jung, Köpfe noch unverdorben. Jugend lenkt die Welt und brings die Adoleszenz auf den Plan.",https://www.zazzle.com/k01_sunglasses-256147716730474637?rf=238192102477642780,https://rlv.zcache.com/k01_sunglasses-r3fc6002e46e04807b04c73397f2dd173_0x8h0_1024.jpg?rlvnet=1,28.30,in stock,new
256425514894626588,K01 POKER CARDS,"Hände noch jung, Köpfe noch unverdorben. Jugend lenkt die Welt und brings die Adoleszenz auf den Plan.",https://www.zazzle.com/k01_poker_cards-256425514894626588?rf=238192102477642780,https://rlv.zcache.com/k01_poker_cards-r52adf2e868ee4db6bf3b618c3b7bcfe0_zaeo3_1024.jpg?rlvnet=1,23.60,in stock,new
256240564692962265,K01 SOCKS,"Hände noch jung, Köpfe noch unverdorben. Jugend lenkt die Welt und brings die Adoleszenz auf den Plan.",https://www.zazzle.com/k01_socks-256240564692962265?rf=238192102477642780,https://rlv.zcache.com/k01_socks-raba922ae6f174b62ab4efb214be44765_su7ph_1024.jpg?rlvnet=1,32.25,in stock,new
256439812572881889,K01 PRINTED BACKPACK,"Hände noch jung, Köpfe noch unverdorben. Jugend lenkt die Welt und brings die Adoleszenz auf den Plan.",https://www.zazzle.com/k01_printed_backpack-256439812572881889?rf=238192102477642780,https://rlv.zcache.com/k01_printed_backpack-rf824fe6615594cb1a0108e1aace20633_8cjcul_1024.jpg?rlvnet=1,113.00,in stock,new
256716134156074559,K01 DUFFLE BAG,"Hände noch jung, Köpfe noch unverdorben. Jugend lenkt die Welt und brings die Adoleszenz auf den Plan.",https://www.zazzle.com/k01_duffle_bag-256716134156074559?rf=238192102477642780,https://rlv.zcache.com/k01_duffle_bag-r05cfa134d57c47e4915b392815c5808c_vux84l_1024.jpg?rlvnet=1,145.00,in stock,new
256524477706778060,K01 FLIP FLOPS,"Hände noch jung, Köpfe noch unverdorben. Jugend lenkt die Welt und brings die Adoleszenz auf den Plan.",https://www.zazzle.com/k01_flip_flops-256524477706778060?rf=238192102477642780,https://rlv.zcache.com/k01_flip_flops-ra8f8b0f36b784020ab69e44b9f35164c_z9cuv_1024.jpg?rlvnet=1,65.45,in stock,new
256543137310444048,K01 LAPTOP SLEEVE,"Hände noch jung, Köpfe noch unverdorben. Jugend lenkt die Welt und brings die Adoleszenz auf den Plan.",https://www.zazzle.com/k01_laptop_sleeve-256543137310444048?rf=238192102477642780,https://rlv.zcache.com/k01_laptop_sleeve-r0ee9b3e0a3154d8780ef55ac45fe0824_arp6m_8byvr_1024.jpg,61.10,in stock,new
256961001168809211,K01 PLANNER,"Hände noch jung, Köpfe noch unverdorben. Jugend lenkt die Welt und brings die Adoleszenz auf den Plan.",https://www.zazzle.com/k01_planner-256961001168809211?rf=238192102477642780,https://rlv.zcache.com/k01_planner-r00c58e257b954ec7aecd509b337a4808_e38ek_1024.jpg?rlvnet=1,65.50,in stock,new
256700741045200956,K01 THERMAL WINE TUMBLER,"Hände noch jung, Köpfe noch unverdorben. Jugend lenkt die Welt und brings die Adoleszenz auf den Plan.",https://www.zazzle.com/k01_thermal_wine_tumbler-256700741045200956?rf=238192102477642780,https://rlv.zcache.com/k01_thermal_wine_tumbler-r49efdda2c8dc499ba20b7ea24e85e952_8m31so_1024.jpg?rlvnet=1,46.10,in stock,new
256897510286916909,K01 MOUSE PAD,"Hände noch jung, Köpfe noch unverdorben. Jugend lenkt die Welt und brings die Adoleszenz auf den Plan.",https://www.zazzle.com/k01_mouse_pad-256897510286916909?rf=238192102477642780,https://rlv.zcache.com/k01_mouse_pad-ra35e2fd9561c489f8299c74fea8402c5_x74vi_8byvr_1024.jpg,23.95,in stock,new
256047749422931826,K01 CALENDAR,"Hände noch jung, Köpfe noch unverdorben. Jugend lenkt die Welt und brings die Adoleszenz auf den Plan.",https://www.zazzle.com/k01_calendar-256047749422931826?rf=238192102477642780,https://rlv.zcache.com/k01_calendar-r0d160ecfaded43e8840fea70bde5bea8_iq7etx_8byvr_1024.jpg?rlvnet=1,41.40,in stock,new
256818071749120358,K01 PILLOW CASE,"Hände noch jung, Köpfe noch unverdorben. Jugend lenkt die Welt und brings die Adoleszenz auf den Plan.",https://www.zazzle.com/k01_pillow_case-256818071749120358?rf=238192102477642780,https://rlv.zcache.com/k01_pillow_case-r44b34904ffd74a39be8a9be3c66b949e_zr30l_1024.jpg?rlvnet=1,43.65,in stock,new
256488669350848545,K01 MUG,"Hände noch jung, Köpfe noch unverdorben. Jugend lenkt die Welt und brings die Adoleszenz auf den Plan.",https://www.zazzle.com/k01_mug-256488669350848545?rf=238192102477642780,https://rlv.zcache.com/k01_mug-r971944ba371b454abe76a4e9a5f99bb4_kz9f0_1024.jpg?rlvnet=1,33.65,in stock,new
256257506226345483,K01 WATER BOTTLE,"Hände noch jung, Köpfe noch unverdorben. Jugend lenkt die Welt und brings die Adoleszenz auf den Plan.",https://www.zazzle.com/k01_water_bottle-256257506226345483?rf=238192102477642780,https://rlv.zcache.com/k01_water_bottle-r4ee22aeecfa14a009fc11d929eb92d48_sys92_1024.jpg?rlvnet=1,74.20,in stock,new
256882898621463528,K01 WATCH,"Hände noch jung, Köpfe noch unverdorben. Jugend lenkt die Welt und brings die Adoleszenz auf den Plan.",https://www.zazzle.com/k01_watch-256882898621463528?rf=238192102477642780,https://rlv.zcache.com/k01_watch-r2f1c065d5b104abeaf40cecddd6b81f1_8hg50s_1024.jpg?rlvnet=1,98.35,in stock,new
256510354267470681,K01 JIGSAW PUZZLE,"Hände noch jung, Köpfe noch unverdorben. Jugend lenkt die Welt und brings die Adoleszenz auf den Plan.",https://www.zazzle.com/k01_jigsaw_puzzle-256510354267470681?rf=238192102477642780,https://rlv.zcache.com/k01_jigsaw_puzzle-ra5212e00c0f445d8a1d6b7d57f46b86c_e77ui_8byvr_1024.jpg,87.30,in stock,new
256014522144452575,K01 PING PONG PADDLE,"Hände noch jung, Köpfe noch unverdorben. Jugend lenkt die Welt und brings die Adoleszenz auf den Plan.",https://www.zazzle.com/k01_ping_pong_paddle-256014522144452575?rf=238192102477642780,https://rlv.zcache.com/k01_ping_pong_paddle-r2526c92e4e0f47499a1477a69302ebde_zvdz5_1024.jpg?rlvnet=1,65.45,in stock,new
256517711455595393,K01 CROSSBODY BAG,"Hände noch jung, Köpfe noch unverdorben. Jugend lenkt die Welt und brings die Adoleszenz auf den Plan.",https://www.zazzle.com/k01_crossbody_bag-256517711455595393?rf=238192102477642780,https://rlv.zcache.com/k01_crossbody_bag-rf2fd11332d1a4c10a6faa2e7a3ebe2c2_6kc7w_1024.jpg?rlvnet=1,71.00,in stock,new
256985215669826412,K01 GOLF HEAD COVER,"Hände noch jung, Köpfe noch unverdorben. Jugend lenkt die Welt und brings die Adoleszenz auf den Plan.",https://www.zazzle.com/k01_golf_head_cover-256985215669826412?rf=238192102477642780,https://rlv.zcache.com/k01_golf_head_cover-rbd589df892d24d1a8d009c8948728231_6cx85_1024.jpg?rlvnet=1,89.21,in stock,new
256889494810861183,K01 METAL ORNAMENT,"Hände noch jung, Köpfe noch unverdorben. Jugend lenkt die Welt und brings die Adoleszenz auf den Plan.",https://www.zazzle.com/k01_metal_ornament-256889494810861183?rf=238192102477642780,https://rlv.zcache.com/k01_metal_ornament-rdb010b80c1484ef6ad9f57eccaa9157e_x7s2s_8byvr_1024.jpg,51.45,in stock,new
256060421059333101,K01 ROUND PILLOW,"Hände noch jung, Köpfe noch unverdorben. Jugend lenkt die Welt und brings die Adoleszenz auf den Plan.",https://www.zazzle.com/k01_round_pillow-256060421059333101?rf=238192102477642780,https://rlv.zcache.com/k01_round_pillow-r5fc80c27fab0497c869c05534243c469_z6i0e_1024.jpg?rlvnet=1,85.50,in stock,new
256997895607540846,K01 LUMBAR PILLOW,"Hände noch jung, Köpfe noch unverdorben. Jugend lenkt die Welt und brings die Adoleszenz auf den Plan.",https://www.zazzle.com/k01_lumbar_pillow-256997895607540846?rf=238192102477642780,https://rlv.zcache.com/k01_lumbar_pillow-rfb9ebeb970184991a0cd4f2f1e86e1b5_4gud1_8byvr_1024.jpg,77.90,in stock,new
256386992126855903,K01 iPHONE 16 PRO CASE,"Hände noch jung, Köpfe noch unverdorben. Jugend lenkt die Welt und brings die Adoleszenz auf den Plan.",https://www.zazzle.com/k01_iphone_16_pro_case-256386992126855903?rf=238192102477642780,https://rlv.zcache.com/k01_case_mate_iphone_case-r56454bbd3af14dce99cd000ccb4c8f83_i8kvx0_1024.jpg?rlvnet=1,66.45,in stock,new
256729212773694692,K01 iPHONE 16 CASE,"Hände noch jung, Köpfe noch unverdorben. Jugend lenkt die Welt und brings die Adoleszenz auf den Plan.",https://www.zazzle.com/k01_iphone_16_case-256729212773694692?rf=238192102477642780,https://rlv.zcache.com/k01_case_mate_iphone_case-rc86589ff24b4440e914190672e604979_i76s8o_1024.jpg?rlvnet=1,66.45,in stock,new
256408793015488512,K01 BAR KEY,"Hände noch jung, Köpfe noch unverdorben. Jugend lenkt die Welt und brings die Adoleszenz auf den Plan.",https://www.zazzle.com/k01_bar_key-256408793015488512?rf=238192102477642780,https://rlv.zcache.com/k01_bar_key-rd8afe62e5178450fa15e49357187df64_zxmbh_1024.jpg?rlvnet=1,28.30,in stock,new
256522087292057366,K01 KITCHEN TOWEL,"Hände noch jung, Köpfe noch unverdorben. Jugend lenkt die Welt und brings die Adoleszenz auf den Plan.",https://www.zazzle.com/k01_kitchen_towel-256522087292057366?rf=238192102477642780,https://rlv.zcache.com/k01_kitchen_towel-r23e01b354a34482a89ed851be5a0789d_2cf11_8byvr_1024.jpg,35.35,in stock,new
256338096714211788,K01 WAITER'S CORKSCREW,"Hände noch jung, Köpfe noch unverdorben. Jugend lenkt die Welt und brings die Adoleszenz auf den Plan.",https://www.zazzle.com/k01_waiters_corkscrew-256338096714211788?rf=238192102477642780,https://rlv.zcache.com/k01_waiters_corkscrew-rc43a884ffaa845fda8151374c0d52cfa_b7p7p_1024.jpg?rlvnet=1,28.41,in stock,new
256292348069021937,K01 WHISKEY GLASS,"Hände noch jung, Köpfe noch unverdorben. Jugend lenkt die Welt und brings die Adoleszenz auf den Plan.",https://www.zazzle.com/k01_whiskey_glass-256292348069021937?rf=238192102477642780,https://rlv.zcache.com/k01_whiskey_glass-rf196a1486fa1493ea187807ee3cdbd27_819og6_1024.jpg?rlvnet=1,35.10,in stock,new
256946972337249260,K01 OVEN MITT SET,"Hände noch jung, Köpfe noch unverdorben. Jugend lenkt die Welt und brings die Adoleszenz auf den Plan.",https://www.zazzle.com/k01_oven_mitt_pot_holder_set-256946972337249260?rf=238192102477642780,https://rlv.zcache.com/k01_oven_mitt_pot_holder_set-r7c3a26a6898543389668587e12432abc_vi7nob_1024.jpg?rlvnet=1,41.75,in stock,new
256258414164224614,K01 APRON,"Hände noch jung, Köpfe noch unverdorben. Jugend lenkt die Welt und brings die Adoleszenz auf den Plan.",https://www.zazzle.com/k01_apron-256258414164224614?rf=238192102477642780,https://rlv.zcache.com/k01_apron-r54bb86edb38e4996a3aaeda5ff9fdc02_qzllg_1024.jpg?rlvnet=1,57.90,in stock,new
256901225718374902,K01 HAND TOWEL,"Hände noch jung, Köpfe noch unverdorben. Jugend lenkt die Welt und brings die Adoleszenz auf den Plan.",https://www.zazzle.com/k01_hand_towel-256901225718374902?rf=238192102477642780,https://rlv.zcache.com/k01_hand_towel-r2fa942f3bc7e444b81142f3450d1061a_eza1r_1024.jpg?rlvnet=1,27.11,in stock,new
256821329038589099,K01 TIE HEADBAND,"Hände noch jung, Köpfe noch unverdorben. Jugend lenkt die Welt und brings die Adoleszenz auf den Plan.",https://www.zazzle.com/k01_tie_headband-256821329038589099?rf=238192102477642780,https://rlv.zcache.com/k01_tie_headband-r3c2a942ece39430a84f1f7a887312356_6avt8_1024.jpg?rlvnet=1,32.21,in stock,new
256581775310670399,K01 PEN,"Hände noch jung, Köpfe noch unverdorben. Jugend lenkt die Welt und brings die Adoleszenz auf den Plan.",https://www.zazzle.com/k01_pen-256581775310670399?rf=238192102477642780,https://rlv.zcache.com/k01_pen-r223a6061cc5e4090a6d0aa632380c679_z14f2_1024.jpg?rlvnet=1,21.50,in stock,new
256259717615225723,K01 NECK TIE,"Hände noch jung, Köpfe noch unverdorben. Jugend lenkt die Welt und brings die Adoleszenz auf den Plan.",https://www.zazzle.com/k01_neck_tie-256259717615225723?rf=238192102477642780,https://rlv.zcache.com/k01_neck_tie-r271d774d00904b24b3eabee177bb5bde_z5ndj_1024.jpg?rlvnet=1,60.35,in stock,new
256045788982855080,K01 BOWL,"Hände noch jung, Köpfe noch unverdorben. Jugend lenkt die Welt und brings die Adoleszenz auf den Plan.",https://www.zazzle.com/k01_bowl-256045788982855080?rf=238192102477642780,https://rlv.zcache.com/k01_bowl-r175f2ad85573404084d7e43874c37185_2iwj0_8byvr_1024.jpg,48.00,in stock,new
256664966013025982,K01 ATHLETIC HEADBAND,"Hände noch jung, Köpfe noch unverdorben. Jugend lenkt die Welt und brings die Adoleszenz auf den Plan.",https://www.zazzle.com/k01_athletic_headband-256664966013025982?rf=238192102477642780,https://rlv.zcache.com/k01_athletic_headband-re651c0f90c9f4c5eb59a7284921ba561_zrwlv_1024.jpg?rlvnet=1,32.70,in stock,new
256371085502896104,K01 LAPTOP SLEEVE,"Hände noch jung, Köpfe noch unverdorben. Jugend lenkt die Welt und brings die Adoleszenz auf den Plan.",https://www.zazzle.com/k01_laptop_sleeve-256371085502896104?rf=238192102477642780,https://rlv.zcache.com/k01_laptop_sleeve-r8de3ab85d99f4542bd9393b8c2040425_ar51i_8byvr_1024.jpg,61.10,in stock,new
256761834460342964,K01 BATH MAT,"Hände noch jung, Köpfe noch unverdorben. Jugend lenkt die Welt und brings die Adoleszenz auf den Plan.",https://www.zazzle.com/k01_bath_mat-256761834460342964?rf=238192102477642780,https://rlv.zcache.com/k01_bath_mat-rd51ebd124add4167b8b5470b67e58df7_zdpja_1024.jpg?rlvnet=1,76.40,in stock,new
256985766482707447,K01 DOORMAT,"Hände noch jung, Köpfe noch unverdorben. Jugend lenkt die Welt und brings die Adoleszenz auf den Plan.",https://www.zazzle.com/k01_doormat-256985766482707447?rf=238192102477642780,https://rlv.zcache.com/k01_doormat-r4d5633ebb9554013beb38a03040dac95_jftbl_1024.jpg?rlvnet=1,63.78,in stock,new
256163341990988563,K01 PLANNER,"Hände noch jung, Köpfe noch unverdorben. Jugend lenkt die Welt und brings die Adoleszenz auf den Plan.",https://www.zazzle.com/k01_planner-256163341990988563?rf=238192102477642780,https://rlv.zcache.com/k01_planner-r38acd12ec73f48bf97d00baea8358f08_e38k9_1024.jpg?rlvnet=1,65.50,in stock,new
256100152073520448,K01 NOTEBOOK,"Hände noch jung, Köpfe noch unverdorben. Jugend lenkt die Welt und brings die Adoleszenz auf den Plan.",https://www.zazzle.com/k01_notebook-256100152073520448?rf=238192102477642780,https://rlv.zcache.com/k01_notebook-rfe8ec2d80dda4fc6b93579db26082b8d_ambg4_8byvr_1024.jpg,26.30,in stock,new
256100823404726973,K01 METAL LUNCH BOX,"Hände noch jung, Köpfe noch unverdorben. Jugend lenkt die Welt und brings die Adoleszenz auf den Plan.",https://www.zazzle.com/k01_metal_lunch_box-256100823404726973?rf=238192102477642780,https://rlv.zcache.com/k01_metal_lunch_box-rf1a22cdc847e48d8a1176f3bed198bc2_ekvvu_1024.jpg?rlvnet=1,62.61,in stock,new
256309639444164072,K01 CERAMIC TILE,"Hände noch jung, Köpfe noch unverdorben. Jugend lenkt die Welt und brings die Adoleszenz auf den Plan.",https://www.zazzle.com/k01_ceramic_tile-256309639444164072?rf=238192102477642780,https://rlv.zcache.com/k01_ceramic_tile-r06f5bbc57c864bebbe297f64c79abaa3_agtk1_8byvr_1024.jpg,28.30,in stock,new
256410670799134721,K01 BEVERAGE COASTER,"Hände noch jung, Köpfe noch unverdorben. Jugend lenkt die Welt und brings die Adoleszenz auf den Plan.",https://www.zazzle.com/k01_beverage_coaster-256410670799134721?rf=238192102477642780,https://rlv.zcache.com/k01_beverage_coaster-r2f38623c948a41ac815e6b5dbbf913a3_ambkq_8byvr_1024.jpg,58.90,in stock,new
256334174090497936,K01 STONE COASTER,"Hände noch jung, Köpfe noch unverdorben. Jugend lenkt die Welt und brings die Adoleszenz auf den Plan.",https://www.zazzle.com/k01_stone_coaster-256334174090497936?rf=238192102477642780,https://rlv.zcache.com/k01_stone_coaster-r5d937b1816814e46abf368b3b900b80f_zxe2w_1024.jpg?rlvnet=1,22.15,in stock,new
256805790165320625,K01 THROW PILLOW,"Hände noch jung, Köpfe noch unverdorben. Jugend lenkt die Welt und brings die Adoleszenz auf den Plan.",https://www.zazzle.com/k01_throw_pillow-256805790165320625?rf=238192102477642780,https://rlv.zcache.com/k01_throw_pillow-r495654e89a10460ba926d693182aaffc_4gu5f_8byvr_1024.jpg,65.95,in stock,new
256262176357438036,K01 WATCH,"Hände noch jung, Köpfe noch unverdorben. Jugend lenkt die Welt und brings die Adoleszenz auf den Plan.",https://www.zazzle.com/k01_watch-256262176357438036?rf=238192102477642780,https://rlv.zcache.com/k01_watch-rd68cdd9be2e04ec593ee986850e4bde3_zd5ip_1024.jpg?rlvnet=1,98.35,in stock,new
256646778982439947,K01 LARGE CLOCK,"Hände noch jung, Köpfe noch unverdorben. Jugend lenkt die Welt und brings die Adoleszenz auf den Plan.",https://www.zazzle.com/k01_large_clock-256646778982439947?rf=238192102477642780,https://rlv.zcache.com/k01_large_clock-r8f9ca94407f247c3a2192ad6616eae19_s0ysk_8byvr_1024.jpg,76.00,in stock,new
256246285016084380,K01 BUTTON,"Hände noch jung, Köpfe noch unverdorben. Jugend lenkt die Welt und brings die Adoleszenz auf den Plan.",https://www.zazzle.com/k01_button-256246285016084380?rf=238192102477642780,https://rlv.zcache.com/k01_button-re5c6649035ef46418956bb0e7cfa11f9_ix74ny_1024.jpg?rlvnet=1,6.90,in stock,new
256340811631373367,K01 FLASK,"Hände noch jung, Köpfe noch unverdorben. Jugend lenkt die Welt und brings die Adoleszenz auf den Plan.",https://www.zazzle.com/k01_flask-256340811631373367?rf=238192102477642780,https://rlv.zcache.com/k01_flask-r1a848dfa961546a6939b3f997ff8b768_zxyib_8byvr_1024.jpg,29.30,in stock,new
256947301800748769,K01 GLASS,"Hände noch jung, Köpfe noch unverdorben. Jugend lenkt die Welt und brings die Adoleszenz auf den Plan.",https://www.zazzle.com/k01_glass-256947301800748769?rf=238192102477642780,https://rlv.zcache.com/k01_glass-r2f7da41859244e3ba381aab5a9baaeba_b1a5y_1024.jpg?rlvnet=1,29.30,in stock,new
256660945146480093,K01 LATTE MUG,"Hände noch jung, Köpfe noch unverdorben. Jugend lenkt die Welt und brings die Adoleszenz auf den Plan.",https://www.zazzle.com/k01_latte_mug-256660945146480093?rf=238192102477642780,https://rlv.zcache.com/k01_latte_mug-r90b22a5ba9cd4f359b3f63d0d88c8a39_0os6t_1024.jpg?rlvnet=1,28.41,in stock,new
256884874544291931,K01 GIANT COFFEE MUG,"Hände noch jung, Köpfe noch unverdorben. Jugend lenkt die Welt und brings die Adoleszenz auf den Plan.",https://www.zazzle.com/k01_giant_coffee_mug-256884874544291931?rf=238192102477642780,https://rlv.zcache.com/k01_giant_coffee_mug-r6931c4e8f2a84d93bdf5d54badd4cb3b_2wn1h_8byvr_1024.jpg,43.60,in stock,new
256055455785749263,K01 COFFEE MUG,"Hände noch jung, Köpfe noch unverdorben. Jugend lenkt die Welt und brings die Adoleszenz auf den Plan.",https://www.zazzle.com/k01_coffee_mug-256055455785749263?rf=238192102477642780,https://rlv.zcache.com/k01_coffee_mug-r62f73d7e297c431abba486a39d2611b8_kz9ap_1024.jpg?rlvnet=1,33.70,in stock,new
256184470512404321,K01 T-SHIRT,"Hände noch jung, Köpfe noch unverdorben. Jugend lenkt die Welt und brings die Adoleszenz auf den Plan.",https://www.zazzle.com/k01_t_shirt-256184470512404321?rf=238192102477642780,https://rlv.zcache.com/k01_t_shirt-re765efced19647d790f7404e7ffbb6e5_jgoo9_1024.jpg,48.05,in stock,new
256492298705318286,A01 POSTER,"Hände noch jung, Köpfe noch unverdorben. Jugend lenkt die Welt und brings die Adoleszenz auf den Plan.",https://www.zazzle.com/a01_poster-256492298705318286?rf=238192102477642780,https://rlv.zcache.com/a01_poster-r30ae84f7a48f47ee96aa08a9f8c98d15_ax0kk_8byvr_1024.jpg,77.70,in stock,new
256185664746300445,E01 POSTER,"Hände noch jung, Köpfe noch unverdorben. Jugend lenkt die Welt und brings die Adoleszenz auf den Plan.",https://www.zazzle.com/e01_poster-256185664746300445?rf=238192102477642780,https://rlv.zcache.com/f01_poster-r62add67ab7214bcfb7780039cedaddd7_ax0kk_8byvr_1024.jpg,77.70,in stock,new
256523932269243789,D01 POSTER,"Hände noch jung, Köpfe noch unverdorben. Jugend lenkt die Welt und brings die Adoleszenz auf den Plan.",https://www.zazzle.com/d01_poster-256523932269243789?rf=238192102477642780,https://rlv.zcache.com/d01_poster-r2d5d43e5655d423fbf890e927a8dc73b_ax0kk_8byvr_1024.jpg,77.70,in stock,new
256971313066668878,J01 TRUCKER HAT,"Hände noch jung, Köpfe noch unverdorben. Jugend lenkt die Welt und brings die Adoleszenz auf den Plan.",https://www.zazzle.com/j01_trucker_hat-256971313066668878?rf=238192102477642780,https://rlv.zcache.com/j01_trucker_hat-r3636719634d94f92abc61827406ff73e_eahwv_8byvr_1024.jpg,29.65,in stock,new
256713314370644235,PROTO T-SHIRT,"Hände noch jung, Köpfe noch unverdorben. Jugend lenkt die Welt und brings die Adoleszenz auf den Plan.",https://www.zazzle.com/proto_t_shirt-256713314370644235?rf=238192102477642780,https://rlv.zcache.com/proto_t_shirt-ra3be42b60347465db7936aed0c869b9d_jgoo9_1024.jpg,38.55,in stock,new
256341297343806974,H01 GOLF TOWEL,"Hände noch jung, Köpfe noch unverdorben. Jugend lenkt die Welt und brings die Adoleszenz auf den Plan.",https://www.zazzle.com/h01_golf_towel-256341297343806974?rf=238192102477642780,https://rlv.zcache.com/h01_golf_towel-red011903c0cc4a4d9b5779a960bfcce5_en7ei_1024.jpg?rlvnet=1,34.11,in stock,new
256920847687090351,H01 LEGGINGS,"Hände noch jung, Köpfe noch unverdorben. Jugend lenkt die Welt und brings die Adoleszenz auf den Plan.",https://www.zazzle.com/h01_leggings-256920847687090351?rf=238192102477642780,https://rlv.zcache.com/h01_leggings-ra1ce4a2edd5f454e8380951bb3efd644_6ftqc_1024.jpg?rlvnet=1,131.00,in stock,new
256819888311124978,H01 BAR KEY,"Hände noch jung, Köpfe noch unverdorben. Jugend lenkt die Welt und brings die Adoleszenz auf den Plan.",https://www.zazzle.com/h01_bar_key-256819888311124978?rf=238192102477642780,https://rlv.zcache.com/h01_bar_key-r40017d52963f4ffbbe30a1fde8b829ce_zxmbh_1024.jpg?rlvnet=1,28.30,in stock,new
256728153770501736,H01 OVEN MITT,"Hände noch jung, Köpfe noch unverdorben. Jugend lenkt die Welt und brings die Adoleszenz auf den Plan.",https://www.zazzle.com/h01_oven_mitt-256728153770501736?rf=238192102477642780,https://rlv.zcache.com/h01_oven_mitt-r2a570b58f32e42a49d4057258ff1c84d_vi7no6_1024.jpg?rlvnet=1,24.65,in stock,new
256916154210011151,H01 SOCKS,"Hände noch jung, Köpfe noch unverdorben. Jugend lenkt die Welt und brings die Adoleszenz auf den Plan.",https://www.zazzle.com/h01_socks-256916154210011151?rf=238192102477642780,https://rlv.zcache.com/h01_socks-r43588a8c4a834ebab027e3d6c1ea8658_su8qi_1024.jpg?rlvnet=1,36.05,in stock,new
256633486104396229,H01 SOCKS,"Hände noch jung, Köpfe noch unverdorben. Jugend lenkt die Welt und brings die Adoleszenz auf den Plan.",https://www.zazzle.com/h01_socks-256633486104396229?rf=238192102477642780,https://rlv.zcache.com/h01_socks-r600323870c57429cbd8373e59dd76c9f_su7ph_1024.jpg?rlvnet=1,32.25,in stock,new
256873587631559414,H01 SLING BAG,"Hände noch jung, Köpfe noch unverdorben. Jugend lenkt die Welt und brings die Adoleszenz auf den Plan.",https://www.zazzle.com/h01_sling_bag-256873587631559414?rf=238192102477642780,https://rlv.zcache.com/h01_sling_bag-rd8e17796d37f4b57a4c3dd47bf23f076_vizmyn_1024.jpg?rlvnet=1,110.00,in stock,new
256742278000591670,H01 DUFFLE BAG,"Hände noch jung, Köpfe noch unverdorben. Jugend lenkt die Welt und brings die Adoleszenz auf den Plan.",https://www.zazzle.com/h01_duffle_bag-256742278000591670?rf=238192102477642780,https://rlv.zcache.com/h01_duffle_bag-rc31cee454b304f89b8c009e29bc7f935_vuxx75_1024.jpg?rlvnet=1,145.00,in stock,new
256496976730625229,H01 PRINTED BACKPACK,"Hände noch jung, Köpfe noch unverdorben. Jugend lenkt die Welt und brings die Adoleszenz auf den Plan.",https://www.zazzle.com/h01_printed_backpack-256496976730625229?rf=238192102477642780,https://rlv.zcache.com/h01_printed_backpack-r7d8d9bbd355e410699079d638a5c903e_8o4dse_1024.jpg?rlvnet=1,113.00,in stock,new
256611930885068122,H01 FLIP FLOPS,"Hände noch jung, Köpfe noch unverdorben. Jugend lenkt die Welt und brings die Adoleszenz auf den Plan.",https://www.zazzle.com/h01_flip_flops-256611930885068122?rf=238192102477642780,https://rlv.zcache.com/h01_flip_flops-r2fdb04e4364e4904a494c749e91af6c4_jhc7z_1024.jpg?rlvnet=1,65.45,in stock,new
256300764884323075,H01 CAPRI LEGGINGS,"Hände noch jung, Köpfe noch unverdorben. Jugend lenkt die Welt und brings die Adoleszenz auf den Plan.",https://www.zazzle.com/h01_capri_leggings-256300764884323075?rf=238192102477642780,https://rlv.zcache.com/h01_capri_leggings-r954b0718425541b4962bf642a5350687_tq594_1024.jpg?rlvnet=1,131.00,in stock,new
256857124364878260,H01 iPHONE 16 PRO MAX CASE,"Hände noch jung, Köpfe noch unverdorben. Jugend lenkt die Welt und brings die Adoleszenz auf den Plan.",https://www.zazzle.com/h01_iphone_16_pro_max_case-256857124364878260?rf=238192102477642780,https://rlv.zcache.com/h01_case_mate_iphone_case-r2037caead72b4ea5845531024f461a6a_i8k8wv_1024.jpg?rlvnet=1,66.45,in stock,new
256875392505289968,H01 CROSSBODY BAG,"Hände noch jung, Köpfe noch unverdorben. Jugend lenkt die Welt und brings die Adoleszenz auf den Plan.",https://www.zazzle.com/h01_crossbody_bag-256875392505289968?rf=238192102477642780,https://rlv.zcache.com/h01_crossbody_bag-re457bc7ea6ba484dbcd7be4e803f4cde_6kc7w_1024.jpg?rlvnet=1,71.00,in stock,new
256133706817142308,H01 WATER BOTTLE,"Hände noch jung, Köpfe noch unverdorben. Jugend lenkt die Welt und brings die Adoleszenz auf den Plan.",https://www.zazzle.com/h01_water_bottle-256133706817142308?rf=238192102477642780,https://rlv.zcache.com/h01_water_bottle-r707f2e4907394cdbb7ca04e3934848c8_s5afk_1024.jpg?rlvnet=1,74.20,in stock,new
256659657863044295,H01 APRON,"Hände noch jung, Köpfe noch unverdorben. Jugend lenkt die Welt und brings die Adoleszenz auf den Plan.",https://www.zazzle.com/h01_apron-256659657863044295?rf=238192102477642780,https://rlv.zcache.com/h01_apron-r20b042bb830044e1803f7878a409d3ac_qzllg_1024.jpg?rlvnet=1,57.90,in stock,new
256551478949226655,H01 WATCH,"Hände noch jung, Köpfe noch unverdorben. Jugend lenkt die Welt und brings die Adoleszenz auf den Plan.",https://www.zazzle.com/h01_watch-256551478949226655?rf=238192102477642780,https://rlv.zcache.com/h01_watch-rd8ec523d1c8f408baa94fa221eecec94_zd5ip_1024.jpg?rlvnet=1,98.35,in stock,new
256235115388143649,H01 LAPTOP SLEEVE,"Hände noch jung, Köpfe noch unverdorben. Jugend lenkt die Welt und brings die Adoleszenz auf den Plan.",https://www.zazzle.com/h01_laptop_sleeve-256235115388143649?rf=238192102477642780,https://rlv.zcache.com/h01_laptop_sleeve-rc44c20e7e9e64ab08c6bdd1a66904fb0_ar51i_8byvr_1024.jpg,61.10,in stock,new
256784025553177593,H01 TOTE BAG,"Hände noch jung, Köpfe noch unverdorben. Jugend lenkt die Welt und brings die Adoleszenz auf den Plan.",https://www.zazzle.com/h01_tote_bag-256784025553177593?rf=238192102477642780,https://rlv.zcache.com/h01_tote_bag-r9e29641eb0544133ad1e3ed5e2e3d685_6kcf1_1024.jpg?rlvnet=1,47.35,in stock,new
256372379894466876,H01 SELTZER CAN COOLER,"Hände noch jung, Köpfe noch unverdorben. Jugend lenkt die Welt und brings die Adoleszenz auf den Plan.",https://www.zazzle.com/h01_seltzer_can_cooler-256372379894466876?rf=238192102477642780,https://rlv.zcache.com/h01_seltzer_can_cooler-r0bfa92dd2e644b229f566c4eab3df082_mygvi_1024.jpg?rlvnet=1,14.10,in stock,new
256309439551290272,H01 PICKLEBALL PADDLE,"Hände noch jung, Köpfe noch unverdorben. Jugend lenkt die Welt und brings die Adoleszenz auf den Plan.",https://www.zazzle.com/h01_pickleball_paddle-256309439551290272?rf=238192102477642780,https://rlv.zcache.com/h01_pickleball_paddle-r8d152a4c23424794916d172566e08e6f_glbm3_1024.jpg?rlvnet=1,193.20,in stock,new
256116691703768908,H01 METAL LUNCH BOX,"Hände noch jung, Köpfe noch unverdorben. Jugend lenkt die Welt und brings die Adoleszenz auf den Plan.",https://www.zazzle.com/h01_metal_lunch_box-256116691703768908?rf=238192102477642780,https://rlv.zcache.com/h01_metal_lunch_box-r31b351989c194fa791d649f2bbc3b56b_ekzh0_1024.jpg?rlvnet=1,49.31,in stock,new
256562656652667965,H01 WASH CLOTH,"Hände noch jung, Köpfe noch unverdorben. Jugend lenkt die Welt und brings die Adoleszenz auf den Plan.",https://www.zazzle.com/h01_wash_cloth-256562656652667965?rf=238192102477642780,https://rlv.zcache.com/h01_wash_cloth-rf55810f64b824daa93be2604df31734c_eza1q_1024.jpg?rlvnet=1,16.64,in stock,new
256926299429383914,H01 GOLF HEAD COVER,"Hände noch jung, Köpfe noch unverdorben. Jugend lenkt die Welt und brings die Adoleszenz auf den Plan.",https://www.zazzle.com/h01_golf_head_cover-256926299429383914?rf=238192102477642780,https://rlv.zcache.com/h01_golf_head_cover-r177a2d2ab51b489a97584392dd02b921_6cvwk_1024.jpg?rlvnet=1,89.21,in stock,new
256795762854574573,H01 LUGGAGE TAG,"Hände noch jung, Köpfe noch unverdorben. Jugend lenkt die Welt und brings die Adoleszenz auf den Plan.",https://www.zazzle.com/h01_luggage_tag-256795762854574573?rf=238192102477642780,https://rlv.zcache.com/h01_luggage_tag-r87928ac9589f4d4482590861f0abf074_6hend_8byvr_1024.jpg,33.55,in stock,new
256537316880290261,H01 NECK TIE,"Hände noch jung, Köpfe noch unverdorben. Jugend lenkt die Welt und brings die Adoleszenz auf den Plan.",https://www.zazzle.com/h01_neck_tie-256537316880290261?rf=238192102477642780,https://rlv.zcache.com/h01_neck_tie-r1d3124d99e95416f8b725922e1690e50_z5ndj_1024.jpg?rlvnet=1,60.35,in stock,new
256326984896659112,H01 FLASK,"Hände noch jung, Köpfe noch unverdorben. Jugend lenkt die Welt und brings die Adoleszenz auf den Plan.",https://www.zazzle.com/h01_flask-256326984896659112?rf=238192102477642780,https://rlv.zcache.com/h01_flask-r29c0ab90b0054252b740ae19afad55a1_zxyij_8byvr_1024.jpg,61.10,in stock,new
256928341196558769,H01 TRAVEL MUG,"Hände noch jung, Köpfe noch unverdorben. Jugend lenkt die Welt und brings die Adoleszenz auf den Plan.",https://www.zazzle.com/h01_travel_mug-256928341196558769?rf=238192102477642780,https://rlv.zcache.com/h01_travel_mug-r4dbe15ebc2e741c9878138ed62db0a6c_kz9au_1024.jpg?rlvnet=1,54.00,in stock,new
256033760684063553,H01 MOUSE PAD,"Hände noch jung, Köpfe noch unverdorben. Jugend lenkt die Welt und brings die Adoleszenz auf den Plan.",https://www.zazzle.com/h01_mouse_pad-256033760684063553?rf=238192102477642780,https://rlv.zcache.com/h01_mouse_pad-rb848cff3a5c641ccae291660e91db077_x74vk_8byvr_1024.jpg,23.95,in stock,new
256222323326775423,H01 CLIPBOARD,"Hände noch jung, Köpfe noch unverdorben. Jugend lenkt die Welt und brings die Adoleszenz auf den Plan.",https://www.zazzle.com/h01_clipboard-256222323326775423?rf=238192102477642780,https://rlv.zcache.com/h01_clipboard-rf6116bf9d77f41f79c64f02387d4f2e0_inckr_8byvr_1024.jpg,72.15,in stock,new
256475195639107098,H01 PLANNER,"Hände noch jung, Köpfe noch unverdorben. Jugend lenkt die Welt und brings die Adoleszenz auf den Plan.",https://www.zazzle.com/h01_planner-256475195639107098?rf=238192102477642780,https://rlv.zcache.com/h01_planner-r8bead9c31ced402e839167b8b9082fe7_e38k9_1024.jpg?rlvnet=1,65.50,in stock,new
256837808330633638,H01 NOTEBOOK,"Hände noch jung, Köpfe noch unverdorben. Jugend lenkt die Welt und brings die Adoleszenz auf den Plan.",https://www.zazzle.com/h01_notebook-256837808330633638?rf=238192102477642780,https://rlv.zcache.com/h01_notebook-r480865956cdd41829d12f3dce2089653_ambg4_8byvr_1024.jpg,26.30,in stock,new
256900577963447739,H01 POKER CARDS,"Hände noch jung, Köpfe noch unverdorben. Jugend lenkt die Welt und brings die Adoleszenz auf den Plan.",https://www.zazzle.com/h01_poker_cards-256900577963447739?rf=238192102477642780,https://rlv.zcache.com/h01_poker_cards-r16e32b6aea954439a0e40907a528a643_zaeo3_1024.jpg?rlvnet=1,23.60,in stock,new
256463505410157554,H01 PING PONG PADDLE,"Hände noch jung, Köpfe noch unverdorben. Jugend lenkt die Welt und brings die Adoleszenz auf den Plan.",https://www.zazzle.com/h01_ping_pong_paddle-256463505410157554?rf=238192102477642780,https://rlv.zcache.com/h01_ping_pong_paddle-r8c0f8298ab434db39fa55024b2310a1f_zvdz5_1024.jpg?rlvnet=1,65.45,in stock,new
256887093642787470,H01 SKATEBOARD,"Hände noch jung, Köpfe noch unverdorben. Jugend lenkt die Welt und brings die Adoleszenz auf den Plan.",https://www.zazzle.com/h01_skateboard-256887093642787470?rf=238192102477642780,https://rlv.zcache.com/h01_skateboard-r48ad7f66ce154a0293502cb17a7bcff1_4sngb_1024.jpg?rlvnet=1,211.50,in stock,new
256974136787587855,H01 BEACH TOWEL,"Hände noch jung, Köpfe noch unverdorben. Jugend lenkt die Welt und brings die Adoleszenz auf den Plan.",https://www.zazzle.com/h01_beach_towel-256974136787587855?rf=238192102477642780,https://rlv.zcache.com/h01_beach_towel-r968cfffe16f040c4988c29be7bd9a602_eapi5_1024.jpg?rlvnet=1,90.78,in stock,new
256870872386911763,H01 SHERPA BLANKET,"Hände noch jung, Köpfe noch unverdorben. Jugend lenkt die Welt und brings die Adoleszenz auf den Plan.",https://www.zazzle.com/h01_sherpa_blanket-256870872386911763?rf=238192102477642780,https://rlv.zcache.com/h01_sherpa_blanket-rd6bd1b91587b44e5875183bbbe9f3399_ejsci_1024.jpg?rlvnet=1,113.05,in stock,new
256117015414706039,H01 FLEECE BLANKET,"Hände noch jung, Köpfe noch unverdorben. Jugend lenkt die Welt und brings die Adoleszenz auf den Plan.",https://www.zazzle.com/h01_fleece_blanket-256117015414706039?rf=238192102477642780,https://rlv.zcache.com/h01_fleece_blanket-r44aca46a42c6465d95f296f0119c73a8_zke88_1024.jpg?rlvnet=1,101.00,in stock,new
256032805803445749,H01 THROW BLANKET,"Hände noch jung, Köpfe noch unverdorben. Jugend lenkt die Welt und brings die Adoleszenz auf den Plan.",https://www.zazzle.com/h01_throw_blanket-256032805803445749?rf=238192102477642780,https://rlv.zcache.com/h01_throw_blanket-r1c1d14de09a142c183e6f756dd1c5ff0_zikrk_1024.jpg?rlvnet=1,175.00,in stock,new
256866720847154383,H01 ROUND PILLOW,"Hände noch jung, Köpfe noch unverdorben. Jugend lenkt die Welt und brings die Adoleszenz auf den Plan.",https://www.zazzle.com/h01_round_pillow-256866720847154383?rf=238192102477642780,https://rlv.zcache.com/h01_round_pillow-ra8a307476a0a4034adc15b9db9fb8fa5_z6jf6_1024.jpg?rlvnet=1,98.05,in stock,new
256000145118777261,H01 OUTDOOR PILLOW,"Hände noch jung, Köpfe noch unverdorben. Jugend lenkt die Welt und brings die Adoleszenz auf den Plan.",https://www.zazzle.com/h01_outdoor_pillow-256000145118777261?rf=238192102477642780,https://rlv.zcache.com/h01_outdoor_pillow-r654b47f3767c40b497586d13b526d7b8_4gu5a_8byvr_1024.jpg,65.95,in stock,new
256858100428387843,B01 WATCH,"Hände noch jung, Köpfe noch unverdorben. Jugend lenkt die Welt und brings die Adoleszenz auf den Plan.",https://www.zazzle.com/b01_watch-256858100428387843?rf=238192102477642780,https://rlv.zcache.com/b01_watch-r27be05338367426abda6be4ff8cde868_zd9fd_1024.jpg?rlvnet=1,81.70,in stock,new
256952631778690059,B01 CLOCK,"Hände noch jung, Köpfe noch unverdorben. Jugend lenkt die Welt und brings die Adoleszenz auf den Plan.",https://www.zazzle.com/b01_clock-256952631778690059?rf=238192102477642780,https://rlv.zcache.com/b01_clock-r4eeafaf295cd45f2ab0d21a6771548d4_s31li_8byvr_1024.jpg,67.55,in stock,new
256876423254482231,B01 COFFEE MUG,"Hände noch jung, Köpfe noch unverdorben. Jugend lenkt die Welt und brings die Adoleszenz auf den Plan.",https://www.zazzle.com/b01_coffee_mug-256876423254482231?rf=238192102477642780,https://rlv.zcache.com/b01_coffee_mug-r7b297fe7eedd4de0a2b634b88f39e75a_kz9ah_1024.jpg?rlvnet=1,30.35,in stock,new
256250452138335052,B01 NECK TIE,"Hände noch jung, Köpfe noch unverdorben. Jugend lenkt die Welt und brings die Adoleszenz auf den Plan.",https://www.zazzle.com/b01_neck_tie-256250452138335052?rf=238192102477642780,https://rlv.zcache.com/b01_neck_tie-r470e04f57b93494889c8104e76c6c8fe_z5ndj_1024.jpg?rlvnet=1,52.75,in stock,new
256006491638698903,B01 POSTER,"Hände noch jung, Köpfe noch unverdorben. Jugend lenkt die Welt und brings die Adoleszenz auf den Plan.",https://www.zazzle.com/b01_poster-256006491638698903?rf=238192102477642780,https://rlv.zcache.com/b01_poster-r87f16b4a69894b4ba1b26d7a65b5d2a4_fu75h_8byvr_1024.jpg,77.70,in stock,new
256547140535973506,B01 CLASSIC ROUND STICKER,"Hände noch jung, Köpfe noch unverdorben. Jugend lenkt die Welt und brings die Adoleszenz auf den Plan.",https://www.zazzle.com/b01_classic_round_sticker-256547140535973506?rf=238192102477642780,https://rlv.zcache.com/b01_classic_round_sticker-rfafe8c51092c4bac8bc0c3809749daa3_zg2qos_1024.jpg?rlvnet=1,15.15,in stock,new
256976601457075165,B01 BUTTON,"Hände noch jung, Köpfe noch unverdorben. Jugend lenkt die Welt und brings die Adoleszenz auf den Plan.",https://www.zazzle.com/b01_button-256976601457075165?rf=238192102477642780,https://rlv.zcache.com/b01_button-r896ae276d2f64ef9a7715ea098e8d850_ix7sjm_1024.jpg?rlvnet=1,5.15,in stock,new
256700896717869090,B01 PAPER PLATES,"Hände noch jung, Köpfe noch unverdorben. Jugend lenkt die Welt und brings die Adoleszenz auf den Plan.",https://www.zazzle.com/b01_paper_plates-256700896717869090?rf=238192102477642780,https://rlv.zcache.com/b01_paper_plates-r34e4b26f12a24b1cbcafb3a5713da517_zkbhg_1024.jpg?rlvnet=1,30.00,in stock,new
256854418513623444,B01 ROUND PILLOW,"Hände noch jung, Köpfe noch unverdorben. Jugend lenkt die Welt und brings die Adoleszenz auf den Plan.",https://www.zazzle.com/b01_round_pillow-256854418513623444?rf=238192102477642780,https://rlv.zcache.com/b01_round_pillow-r093f7450be384b5ebb7f775c37511a36_z6jf6_1024.jpg?rlvnet=1,98.05,in stock,new
256501883771220786,B01 OUTDOOR PILLOW,"Hände noch jung, Köpfe noch unverdorben. Jugend lenkt die Welt und brings die Adoleszenz auf den Plan.",https://www.zazzle.com/b01_outdoor_pillow-256501883771220786?rf=238192102477642780,https://rlv.zcache.com/b01_outdoor_pillow-r21a8bb9e54dd4e7fa5c3b201ab9c4a03_4gud9_8byvr_1024.jpg,98.05,in stock,new
256399153713104655,B01 WATCH,"Hände noch jung, Köpfe noch unverdorben. Jugend lenkt die Welt und brings die Adoleszenz auf den Plan.",https://www.zazzle.com/b01_watch-256399153713104655?rf=238192102477642780,https://rlv.zcache.com/b01_watch-r55040a2922874e6f9fe569d38708930a_8hqas0_1024.jpg?rlvnet=1,81.70,in stock,new
256761218245715039,B01 CLOCK,"Hände noch jung, Köpfe noch unverdorben. Jugend lenkt die Welt und brings die Adoleszenz auf den Plan.",https://www.zazzle.com/b01_clock-256761218245715039?rf=238192102477642780,https://rlv.zcache.com/b01_clock-r12f0e17690fc4632a6d11741364eb857_3i5yx_8byvr_1024.jpg,67.55,in stock,new
256202167114443629,B01 ROUND PILLOW,"Hände noch jung, Köpfe noch unverdorben. Jugend lenkt die Welt und brings die Adoleszenz auf den Plan.",https://www.zazzle.com/b01_round_pillow-256202167114443629?rf=238192102477642780,https://rlv.zcache.com/b01_round_pillow-r398965715b5b44cd8cebd8de1311510b_z6i0e_1024.jpg?rlvnet=1,98.05,in stock,new
256504468441083920,B01 THROW PILLOW,"Hände noch jung, Köpfe noch unverdorben. Jugend lenkt die Welt und brings die Adoleszenz auf den Plan.",https://www.zazzle.com/b01_throw_pillow-256504468441083920?rf=238192102477642780,https://rlv.zcache.com/b01_throw_pillow-r3ceffe83016b451ab1c47a7993b5d297_4gu52_8byvr_1024.jpg,93.00,in stock,new
256980977715652671,B01 T-SHIRT,"Hände noch jung, Köpfe noch unverdorben. Jugend lenkt die Welt und brings die Adoleszenz auf den Plan.",https://www.zazzle.com/b01_t_shirt-256980977715652671?rf=238192102477642780,https://rlv.zcache.com/b01_t_shirt-ra380e1c04f7f43259818e97196265c70_jgsdi_1024.jpg,48.05,in stock,new
256239695301814309,F02 T-SHIRT,"Hände noch jung, Köpfe noch unverdorben. Jugend lenkt die Welt und brings die Adoleszenz auf den Plan.",https://www.zazzle.com/f02_t_shirt-256239695301814309?rf=238192102477642780,https://rlv.zcache.com/f02_t_shirt-r85344755e2ee48128fc4aa19f7ba1341_jgsdz_1024.jpg,49.95,in stock,new
256862531372881379,D01 T-SHIRT,"Hände noch jung, Köpfe noch unverdorben. Jugend lenkt die Welt und brings die Adoleszenz auf den Plan.",https://www.zazzle.com/d01_t_shirt-256862531372881379?rf=238192102477642780,https://rlv.zcache.com/d01_t_shirt-rbd424514c11949b587d25efb6c2265d3_jgsdi_1024.jpg,49.95,in stock,new
256511981053105684,M01 T SHIRT,"Hände noch jung, Köpfe noch unverdorben. Jugend lenkt die Welt und brings die Adoleszenz auf den Plan.",https://www.zazzle.com/m01_t_shirt-256511981053105684?rf=238192102477642780,https://rlv.zcache.com/k01_t_shirt-r16f60cf5042e49d9a23d52f851836500_jgsdi_1024.jpg,48.05,in stock,new
256223064972065569,L01 T-SHIRT,"Hände noch jung, Köpfe noch unverdorben. Jugend lenkt die Welt und brings die Adoleszenz auf den Plan.",https://www.zazzle.com/l01_t_shirt-256223064972065569?rf=238192102477642780,https://rlv.zcache.com/l01_t_shirt-r4e4013623f884ef792fb5f8d0ffc314a_jgsdz_1024.jpg,49.95,in stock,new
256445756939272917,H01 T-SHIRT,"Hände noch jung, Köpfe noch unverdorben. Jugend lenkt die Welt und brings die Adoleszenz auf den Plan.",https://www.zazzle.com/h01_t_shirt-256445756939272917?rf=238192102477642780,https://rlv.zcache.com/h01_t_shirt-re4dc35c3b0584b56a963feb6bf5d88d1_jgsdi_1024.jpg,38.55,in stock,new
256070859533483384,G01 T-SHIRT,"Hände noch jung, Köpfe noch unverdorben. Jugend lenkt die Welt und brings die Adoleszenz auf den Plan.",https://www.zazzle.com/g01_t_shirt-256070859533483384?rf=238192102477642780,https://rlv.zcache.com/g01_t_shirt-rdfe5980f3dc54f9d990eedad6437a19c_jgoo9_1024.jpg,48.05,in stock,new
256245188959457251,J02 T-SHIRT,"Hände noch jung, Köpfe noch unverdorben. Jugend lenkt die Welt und brings die Adoleszenz auf den Plan.",https://www.zazzle.com/j02_t_shirt-256245188959457251?rf=238192102477642780,https://rlv.zcache.com/j02_t_shirt-r526add9a31d5462792968dccf588874f_jgoon_1024.jpg,48.05,in stock,new
256410324752889360,J01 T-SHIRT,"Hände noch jung, Köpfe noch unverdorben. Jugend lenkt die Welt und brings die Adoleszenz auf den Plan.",https://www.zazzle.com/j01_t_shirt-256410324752889360?rf=238192102477642780,https://rlv.zcache.com/j01_t_shirt-r262792b155a54f77a6a152a0f67b781a_jgoo9_1024.jpg,38.55,in stock,new
256447745128671742,I01 T-SHIRT,"Hände noch jung, Köpfe noch unverdorben. Jugend lenkt die Welt und brings die Adoleszenz auf den Plan.",https://www.zazzle.com/i01_t_shirt-256447745128671742?rf=238192102477642780,https://rlv.zcache.com/i01_t_shirt-rf5049f1f8d3541968d0953906fcd5997_jgsdi_1024.jpg,49.95,in stock,new
256766146688022301,G01 T SHIRT,"Hände noch jung, Köpfe noch unverdorben. Jugend lenkt die Welt und brings die Adoleszenz auf den Plan.",https://www.zazzle.com/g01_t_shirt-256766146688022301?rf=238192102477642780,https://rlv.zcache.com/g01_t_shirt-ra65e2d19be1f43d2acab32f9e95a8bd8_jgoon_1024.jpg,38.55,in stock,new
256346768900669150,F01 T SHIRT,"Hände noch jung, Köpfe noch unverdorben. Jugend lenkt die Welt und brings die Adoleszenz auf den Plan.",https://www.zazzle.com/f01_t_shirt-256346768900669150?rf=238192102477642780,https://rlv.zcache.com/f01_t_shirt-r23773047d6b84bbdb584435b0d78ed46_jgsdi_1024.jpg,49.95,in stock,new
256633448971479330,E01 T-SHIRT,"Hände noch jung, Köpfe noch unverdorben. Jugend lenkt die Welt und brings die Adoleszenz auf den Plan.",https://www.zazzle.com/e01_t_shirt-256633448971479330?rf=238192102477642780,https://rlv.zcache.com/e01_t_shirt-r160f42fd70f2466ca494ae937eebfcd8_jgsdi_1024.jpg,38.55,in stock,new
256140449785639787,C02 T-SHIRT,"Hände noch jung, Köpfe noch unverdorben. Jugend lenkt die Welt und brings die Adoleszenz auf den Plan.",https://www.zazzle.com/c02_t_shirt-256140449785639787?rf=238192102477642780,https://rlv.zcache.com/c02_t_shirt-r9ffab920bd5e42bcb8a1bc3a5ec9456e_jgoon_1024.jpg,38.55,in stock,new
256304974461355809,C01 T-SHIRT,"Hände noch jung, Köpfe noch unverdorben. Jugend lenkt die Welt und brings die Adoleszenz auf den Plan.",https://www.zazzle.com/c01_t_shirt-256304974461355809?rf=238192102477642780,https://rlv.zcache.com/c01_t_shirt-r56efd9b7a5664521ad2ff585b04605ac_jgoo9_1024.jpg,48.05,in stock,new
256851777719129648,B01 T SHIRT,"Hände noch jung, Köpfe noch unverdorben. Jugend lenkt die Welt und brings die Adoleszenz auf den Plan.",https://www.zazzle.com/b01_t_shirt-256851777719129648?rf=238192102477642780,https://rlv.zcache.com/b01_t_shirt-rca5111341e2846e5b447d0d3641af3a5_jgoon_1024.jpg,38.55,in stock,new
256649466072394544,B01 T SHIRT,"Hände noch jung, Köpfe noch unverdorben. Jugend lenkt die Welt und brings die Adoleszenz auf den Plan.",https://www.zazzle.com/b01_t_shirt-256649466072394544?rf=238192102477642780,https://rlv.zcache.com/b01_t_shirt-rc9335657f583490b819ac0be9f21c1ea_jgoo9_1024.jpg,48.05,in stock,new
256823781630420245,A02 T-SHIRT,"Hände noch jung, Köpfe noch unverdorben. Jugend lenkt die Welt und brings die Adoleszenz auf den Plan.",https://www.zazzle.com/a02_t_shirt-256823781630420245?rf=238192102477642780,https://rlv.zcache.com/a02_t_shirt-rd8467cc4501241c28f5fb7d6f71f04d3_jgoo9_1024.jpg,38.55,in stock,new
256357567290934041,A01 T-SHIRT,"Hände noch jung, Köpfe noch unverdorben. Jugend lenkt die Welt und brings die Adoleszenz auf den Plan.",https://www.zazzle.com/a01_t_shirt-256357567290934041?rf=238192102477642780,https://rlv.zcache.com/a01_t_shirt-r6d49d6e49eb94c95956eb6dbd9ae572e_jgoon_1024.jpg,48.05,in stock,new
